Model,Accuracy,F1-Score
Logistic Regression,0.8846153846153846,0.8888888888888888
Random Forest,0.8076923076923077,0.8148148148148148
MLP / Neural Network,0.9038461538461539,0.9019607843137255
