Model,Accuracy,F1-Score
Logistic Regression,0.9230769230769231,0.9285714285714286
Random Forest,0.9230769230769231,0.9285714285714286
MLP / Neural Network,0.8846153846153846,0.8928571428571429
