Model,Train Accuracy,Train F1,Test Accuracy,Test F1-Score,Test Precision,Test Recall
Logistic Regression,0.9855769230769231,0.9861751152073732,0.9230769230769231,0.9259259259259259,0.9259259259259259,0.9259259259259259
Random Forest,1.0,1.0,0.9615384615384616,0.9615384615384616,1.0,0.9259259259259259
MLP / Neural Network,1.0,1.0,0.9423076923076923,0.9454545454545454,0.9285714285714286,0.9629629629629629
